,res_id,filetype,filesize_mb,event,duration_ms
0,,,,xml upload preparation,1677
1,resource_0,,0,resource creation,123
2,resource_0,,0,looping overhead,0
3,resource_1,,0,resource creation,155
4,resource_1,,0,looping overhead,0
5,resource_2,,0,resource creation,111
6,resource_2,,0,looping overhead,0
7,resource_3,,0,resource creation,135
8,resource_3,,0,looping overhead,0
9,resource_4,,0,resource creation,111
10,resource_4,,0,looping overhead,0
11,resource_5,,0,resource creation,137
12,resource_5,,0,looping overhead,0
13,resource_6,,0,resource creation,154
14,resource_6,,0,looping overhead,0
15,resource_7,,0,resource creation,143
16,resource_7,,0,looping overhead,0
17,resource_8,,0,resource creation,118
18,resource_8,,0,looping overhead,0
19,resource_9,,0,resource creation,154
20,resource_9,,0,looping overhead,0
21,resource_10,,0,resource creation,130
22,resource_10,,0,looping overhead,0
23,resource_11,,0,resource creation,136
24,resource_11,,0,looping overhead,0
25,resource_12,,0,resource creation,111
26,resource_12,,0,looping overhead,0
27,resource_13,,0,resource creation,138
28,resource_13,,0,looping overhead,0
29,resource_14,,0,resource creation,157
30,resource_14,,0,looping overhead,0
31,resource_15,,0,resource creation,142
32,resource_15,,0,looping overhead,0
33,resource_16,,0,resource creation,109
34,resource_16,,0,looping overhead,0
35,resource_17,,0,resource creation,147
36,resource_17,,0,looping overhead,0
37,resource_18,,0,resource creation,120
38,resource_18,,0,looping overhead,0
39,resource_19,,0,resource creation,164
40,resource_19,,0,looping overhead,0
41,resource_20,,0,resource creation,109
42,resource_20,,0,looping overhead,0
43,resource_21,,0,resource creation,110
44,resource_21,,0,looping overhead,0
45,resource_22,,0,resource creation,136
46,resource_22,,0,looping overhead,0
47,resource_23,,0,resource creation,110
48,resource_23,,0,looping overhead,0
49,resource_24,,0,resource creation,139
50,resource_24,,0,looping overhead,0
51,resource_25,,0,resource creation,131
52,resource_25,,0,looping overhead,0
53,resource_26,,0,resource creation,153
54,resource_26,,0,looping overhead,0
55,resource_27,,0,resource creation,122
56,resource_27,,0,looping overhead,0
57,resource_28,,0,resource creation,166
58,resource_28,,0,looping overhead,0
59,resource_29,,0,resource creation,105
60,resource_29,,0,looping overhead,0
61,resource_30,,0,resource creation,109
62,resource_30,,0,looping overhead,0
63,resource_31,,0,resource creation,137
64,resource_31,,0,looping overhead,0
65,resource_32,,0,resource creation,110
66,resource_32,,0,looping overhead,0
67,resource_33,,0,resource creation,140
68,resource_33,,0,looping overhead,0
69,resource_34,,0,resource creation,109
70,resource_34,,0,looping overhead,0
71,resource_35,,0,resource creation,150
72,resource_35,,0,looping overhead,0
73,resource_36,,0,resource creation,115
74,resource_36,,0,looping overhead,0
75,resource_37,,0,resource creation,157
76,resource_37,,0,looping overhead,0
77,resource_38,,0,resource creation,123
78,resource_38,,0,looping overhead,0
79,resource_39,,0,resource creation,113
80,resource_39,,0,looping overhead,0
81,resource_40,,0,resource creation,124
82,resource_40,,0,looping overhead,0
83,resource_41,,0,resource creation,113
84,resource_41,,0,looping overhead,0
85,resource_42,,0,resource creation,124
86,resource_42,,0,looping overhead,0
87,resource_43,,0,resource creation,151
88,resource_43,,0,looping overhead,0
89,resource_44,,0,resource creation,148
90,resource_44,,0,looping overhead,0
91,resource_45,,0,resource creation,159
92,resource_45,,0,looping overhead,0
93,resource_46,,0,resource creation,126
94,resource_46,,0,looping overhead,0
95,resource_47,,0,resource creation,154
96,resource_47,,0,looping overhead,0
97,resource_48,,0,resource creation,111
98,resource_48,,0,looping overhead,0
99,resource_49,,0,resource creation,149
100,resource_49,,0,looping overhead,0
101,resource_50,,0,resource creation,119
102,resource_50,,0,looping overhead,0
103,resource_51,,0,resource creation,177
104,resource_51,,0,looping overhead,0
105,resource_52,,0,resource creation,132
106,resource_52,,0,looping overhead,0
107,resource_53,,0,resource creation,142
108,resource_53,,0,looping overhead,0
109,resource_54,,0,resource creation,120
110,resource_54,,0,looping overhead,0
111,resource_55,,0,resource creation,176
112,resource_55,,0,looping overhead,0
113,resource_56,,0,resource creation,111
114,resource_56,,0,looping overhead,0
115,resource_57,,0,resource creation,140
116,resource_57,,0,looping overhead,0
117,resource_58,,0,resource creation,110
118,resource_58,,0,looping overhead,0
119,resource_59,,0,resource creation,130
120,resource_59,,0,looping overhead,0
121,resource_60,,0,resource creation,149
122,resource_60,,0,looping overhead,0
123,resource_61,,0,resource creation,111
124,resource_61,,0,looping overhead,0
125,resource_62,,0,resource creation,152
126,resource_62,,0,looping overhead,0
127,resource_63,,0,resource creation,118
128,resource_63,,0,looping overhead,0
129,resource_64,,0,resource creation,159
130,resource_64,,0,looping overhead,0
131,resource_65,,0,resource creation,107
132,resource_65,,0,looping overhead,0
133,resource_66,,0,resource creation,146
134,resource_66,,0,looping overhead,0
135,resource_67,,0,resource creation,113
136,resource_67,,0,looping overhead,0
137,resource_68,,0,resource creation,140
138,resource_68,,0,looping overhead,0
139,resource_69,,0,resource creation,111
140,resource_69,,0,looping overhead,0
141,resource_70,,0,resource creation,140
142,resource_70,,0,looping overhead,0
143,resource_71,,0,resource creation,111
144,resource_71,,0,looping overhead,0
145,resource_72,,0,resource creation,147
146,resource_72,,0,looping overhead,0
147,resource_73,,0,resource creation,122
148,resource_73,,0,looping overhead,0
149,resource_74,,0,resource creation,135
150,resource_74,,0,looping overhead,0
151,resource_75,,0,resource creation,110
152,resource_75,,0,looping overhead,0
153,resource_76,,0,resource creation,125
154,resource_76,,0,looping overhead,0
155,resource_77,,0,resource creation,154
156,resource_77,,0,looping overhead,0
157,resource_78,,0,resource creation,109
158,resource_78,,0,looping overhead,0
159,resource_79,,0,resource creation,145
160,resource_79,,0,looping overhead,0
161,resource_80,,0,resource creation,113
162,resource_80,,0,looping overhead,0
163,resource_81,,0,resource creation,164
164,resource_81,,0,looping overhead,0
165,resource_82,,0,resource creation,166
166,resource_82,,0,looping overhead,0
167,resource_83,,0,resource creation,154
168,resource_83,,0,looping overhead,0
169,resource_84,,0,resource creation,118
170,resource_84,,0,looping overhead,0
171,resource_85,,0,resource creation,150
172,resource_85,,0,looping overhead,0
173,resource_86,,0,resource creation,106
174,resource_86,,0,looping overhead,0
175,resource_87,,0,resource creation,146
176,resource_87,,0,looping overhead,0
177,resource_88,,0,resource creation,118
178,resource_88,,0,looping overhead,0
179,resource_89,,0,resource creation,178
180,resource_89,,0,looping overhead,0
181,resource_90,,0,resource creation,125
182,resource_90,,0,looping overhead,0
183,resource_91,,0,resource creation,174
184,resource_91,,0,looping overhead,0
185,resource_92,,0,resource creation,162
186,resource_92,,0,looping overhead,0
187,resource_93,,0,resource creation,161
188,resource_93,,0,looping overhead,0
189,resource_94,,0,resource creation,154
190,resource_94,,0,looping overhead,0
191,resource_95,,0,resource creation,118
192,resource_95,,0,looping overhead,0
193,resource_96,,0,resource creation,172
194,resource_96,,0,looping overhead,0
195,resource_97,,0,resource creation,126
196,resource_97,,0,looping overhead,0
197,resource_98,,0,resource creation,165
198,resource_98,,0,looping overhead,0
199,resource_99,,0,resource creation,134
200,resource_99,,0,looping overhead,0
201,resource_100,,0,resource creation,159
202,resource_100,,0,looping overhead,0
203,resource_101,,0,resource creation,136
204,resource_101,,0,looping overhead,0
205,resource_102,,0,resource creation,326
206,resource_102,,0,looping overhead,0
207,resource_103,,0,resource creation,226
208,resource_103,,0,looping overhead,0
209,resource_104,,0,resource creation,179
210,resource_104,,0,looping overhead,0
211,resource_105,,0,resource creation,141
212,resource_105,,0,looping overhead,0
213,resource_106,,0,resource creation,170
214,resource_106,,0,looping overhead,0
215,resource_107,,0,resource creation,135
216,resource_107,,0,looping overhead,0
217,resource_108,,0,resource creation,166
218,resource_108,,0,looping overhead,0
219,resource_109,,0,resource creation,136
220,resource_109,,0,looping overhead,0
221,resource_110,,0,resource creation,140
222,resource_110,,0,looping overhead,0
223,resource_111,,0,resource creation,152
224,resource_111,,0,looping overhead,0
225,resource_112,,0,resource creation,109
226,resource_112,,0,looping overhead,0
227,resource_113,,0,resource creation,150
228,resource_113,,0,looping overhead,0
229,resource_114,,0,resource creation,153
230,resource_114,,0,looping overhead,0
231,resource_115,,0,resource creation,148
232,resource_115,,0,looping overhead,0
233,resource_116,,0,resource creation,107
234,resource_116,,0,looping overhead,0
235,resource_117,,0,resource creation,151
236,resource_117,,0,looping overhead,0
237,resource_118,,0,resource creation,122
238,resource_118,,0,looping overhead,0
239,resource_119,,0,resource creation,139
240,resource_119,,0,looping overhead,0
241,resource_120,,0,resource creation,107
242,resource_120,,0,looping overhead,0
243,resource_121,,0,resource creation,138
244,resource_121,,0,looping overhead,0
245,resource_122,,0,resource creation,154
246,resource_122,,0,looping overhead,0
247,resource_123,,0,resource creation,139
248,resource_123,,0,looping overhead,0
249,resource_124,,0,resource creation,114
250,resource_124,,0,looping overhead,0
251,resource_125,,0,resource creation,139
252,resource_125,,0,looping overhead,0
253,resource_126,,0,resource creation,140
254,resource_126,,0,looping overhead,0
255,resource_127,,0,resource creation,142
256,resource_127,,0,looping overhead,0
257,resource_128,,0,resource creation,148
258,resource_128,,0,looping overhead,0
259,resource_129,,0,resource creation,109
260,resource_129,,0,looping overhead,0
261,resource_130,,0,resource creation,147
262,resource_130,,0,looping overhead,0
263,resource_131,,0,resource creation,116
264,resource_131,,0,looping overhead,0
265,resource_132,,0,resource creation,156
266,resource_132,,0,looping overhead,0
267,resource_133,,0,resource creation,116
268,resource_133,,0,looping overhead,0
269,resource_134,,0,resource creation,158
270,resource_134,,0,looping overhead,0
271,resource_135,,0,resource creation,137
272,resource_135,,0,looping overhead,0
273,resource_136,,0,resource creation,162
274,resource_136,,0,looping overhead,0
275,resource_137,,0,resource creation,108
276,resource_137,,0,looping overhead,0
277,resource_138,,0,resource creation,140
278,resource_138,,0,looping overhead,0
279,resource_139,,0,resource creation,113
280,resource_139,,0,looping overhead,0
281,resource_140,,0,resource creation,144
282,resource_140,,0,looping overhead,0
283,resource_141,,0,resource creation,117
284,resource_141,,0,looping overhead,0
285,resource_142,,0,resource creation,140
286,resource_142,,0,looping overhead,0
287,resource_143,,0,resource creation,113
288,resource_143,,0,looping overhead,0
289,resource_144,,0,resource creation,141
290,resource_144,,0,looping overhead,0
291,resource_145,,0,resource creation,164
292,resource_145,,0,looping overhead,0
293,resource_146,,0,resource creation,112
294,resource_146,,0,looping overhead,0
295,resource_147,,0,resource creation,162
296,resource_147,,0,looping overhead,0
297,resource_148,,0,resource creation,109
298,resource_148,,0,looping overhead,0
299,resource_149,,0,resource creation,145
300,resource_149,,0,looping overhead,0
301,resource_150,,0,resource creation,111
302,resource_150,,0,looping overhead,0
303,resource_151,,0,resource creation,193
304,resource_151,,0,looping overhead,0
305,resource_152,,0,resource creation,108
306,resource_152,,0,looping overhead,0
307,resource_153,,0,resource creation,146
308,resource_153,,0,looping overhead,0
309,resource_154,,0,resource creation,124
310,resource_154,,0,looping overhead,0
311,resource_155,,0,resource creation,159
312,resource_155,,0,looping overhead,0
313,resource_156,,0,resource creation,110
314,resource_156,,0,looping overhead,0
315,resource_157,,0,resource creation,139
316,resource_157,,0,looping overhead,0
317,resource_158,,0,resource creation,136
318,resource_158,,0,looping overhead,0
319,resource_159,,0,resource creation,172
320,resource_159,,0,looping overhead,0
321,resource_160,,0,resource creation,116
322,resource_160,,0,looping overhead,0
323,resource_161,,0,resource creation,129
324,resource_161,,0,looping overhead,0
325,resource_162,,0,resource creation,164
326,resource_162,,0,looping overhead,0
327,resource_163,,0,resource creation,128
328,resource_163,,0,looping overhead,0
329,resource_164,,0,resource creation,158
330,resource_164,,0,looping overhead,0
331,resource_165,,0,resource creation,113
332,resource_165,,0,looping overhead,0
333,resource_166,,0,resource creation,150
334,resource_166,,0,looping overhead,0
335,resource_167,,0,resource creation,111
336,resource_167,,0,looping overhead,0
337,resource_168,,0,resource creation,159
338,resource_168,,0,looping overhead,0
339,resource_169,,0,resource creation,110
340,resource_169,,0,looping overhead,0
341,resource_170,,0,resource creation,141
342,resource_170,,0,looping overhead,0
343,resource_171,,0,resource creation,124
344,resource_171,,0,looping overhead,0
345,resource_172,,0,resource creation,157
346,resource_172,,0,looping overhead,0
347,resource_173,,0,resource creation,112
348,resource_173,,0,looping overhead,0
349,resource_174,,0,resource creation,140
350,resource_174,,0,looping overhead,0
351,resource_175,,0,resource creation,135
352,resource_175,,0,looping overhead,0
353,resource_176,,0,resource creation,148
354,resource_176,,0,looping overhead,0
355,resource_177,,0,resource creation,111
356,resource_177,,0,looping overhead,0
357,resource_178,,0,resource creation,130
358,resource_178,,0,looping overhead,0
359,resource_179,,0,resource creation,165
360,resource_179,,0,looping overhead,0
361,resource_180,,0,resource creation,125
362,resource_180,,0,looping overhead,0
363,resource_181,,0,resource creation,166
364,resource_181,,0,looping overhead,0
365,resource_182,,0,resource creation,114
366,resource_182,,0,looping overhead,0
367,resource_183,,0,resource creation,150
368,resource_183,,0,looping overhead,0
369,resource_184,,0,resource creation,111
370,resource_184,,0,looping overhead,0
371,resource_185,,0,resource creation,147
372,resource_185,,0,looping overhead,0
373,resource_186,,0,resource creation,106
374,resource_186,,0,looping overhead,0
375,resource_187,,0,resource creation,143
376,resource_187,,0,looping overhead,0
377,resource_188,,0,resource creation,165
378,resource_188,,0,looping overhead,0
379,resource_189,,0,resource creation,151
380,resource_189,,0,looping overhead,0
381,resource_190,,0,resource creation,123
382,resource_190,,0,looping overhead,0
383,resource_191,,0,resource creation,138
384,resource_191,,0,looping overhead,0
385,resource_192,,0,resource creation,116
386,resource_192,,0,looping overhead,0
387,resource_193,,0,resource creation,137
388,resource_193,,0,looping overhead,0
389,resource_194,,0,resource creation,112
390,resource_194,,0,looping overhead,0
391,resource_195,,0,resource creation,173
392,resource_195,,0,looping overhead,0
393,resource_196,,0,resource creation,167
394,resource_196,,0,looping overhead,0
395,resource_197,,0,resource creation,118
396,resource_197,,0,looping overhead,0
397,resource_198,,0,resource creation,172
398,resource_198,,0,looping overhead,0
399,resource_199,,0,resource creation,130
400,resource_199,,0,looping overhead,0
401,resource_200,,0,resource creation,155
402,resource_200,,0,looping overhead,0
403,resource_201,,0,resource creation,115
404,resource_201,,0,looping overhead,0
405,resource_202,,0,resource creation,150
406,resource_202,,0,looping overhead,0
407,resource_203,,0,resource creation,116
408,resource_203,,0,looping overhead,0
409,resource_204,,0,resource creation,145
410,resource_204,,0,looping overhead,0
411,resource_205,,0,resource creation,116
412,resource_205,,0,looping overhead,0
413,resource_206,,0,resource creation,145
414,resource_206,,0,looping overhead,0
415,resource_207,,0,resource creation,126
416,resource_207,,0,looping overhead,0
417,resource_208,,0,resource creation,156
418,resource_208,,0,looping overhead,0
419,resource_209,,0,resource creation,115
420,resource_209,,0,looping overhead,0
421,resource_210,,0,resource creation,149
422,resource_210,,0,looping overhead,0
423,resource_211,,0,resource creation,121
424,resource_211,,0,looping overhead,0
425,resource_212,,0,resource creation,128
426,resource_212,,0,looping overhead,0
427,resource_213,,0,resource creation,167
428,resource_213,,0,looping overhead,0
429,resource_214,,0,resource creation,114
430,resource_214,,0,looping overhead,0
431,resource_215,,0,resource creation,160
432,resource_215,,0,looping overhead,0
433,resource_216,,0,resource creation,122
434,resource_216,,0,looping overhead,0
435,resource_217,,0,resource creation,168
436,resource_217,,0,looping overhead,0
437,resource_218,,0,resource creation,116
438,resource_218,,0,looping overhead,0
439,resource_219,,0,resource creation,159
440,resource_219,,0,looping overhead,0
441,resource_220,,0,resource creation,116
442,resource_220,,0,looping overhead,0
443,resource_221,,0,resource creation,148
444,resource_221,,0,looping overhead,0
445,resource_222,,0,resource creation,115
446,resource_222,,0,looping overhead,0
447,resource_223,,0,resource creation,146
448,resource_223,,0,looping overhead,0
449,resource_224,,0,resource creation,173
450,resource_224,,0,looping overhead,0
451,resource_225,,0,resource creation,151
452,resource_225,,0,looping overhead,0
453,resource_226,,0,resource creation,135
454,resource_226,,0,looping overhead,0
455,resource_227,,0,resource creation,145
456,resource_227,,0,looping overhead,0
457,resource_228,,0,resource creation,124
458,resource_228,,0,looping overhead,0
459,resource_229,,0,resource creation,126
460,resource_229,,0,looping overhead,0
461,resource_230,,0,resource creation,163
462,resource_230,,0,looping overhead,0
463,resource_231,,0,resource creation,153
464,resource_231,,0,looping overhead,0
465,resource_232,,0,resource creation,162
466,resource_232,,0,looping overhead,0
467,resource_233,,0,resource creation,113
468,resource_233,,0,looping overhead,0
469,resource_234,,0,resource creation,164
470,resource_234,,0,looping overhead,0
471,resource_235,,0,resource creation,129
472,resource_235,,0,looping overhead,0
473,resource_236,,0,resource creation,157
474,resource_236,,0,looping overhead,0
475,resource_237,,0,resource creation,118
476,resource_237,,0,looping overhead,0
477,resource_238,,0,resource creation,147
478,resource_238,,0,looping overhead,0
479,resource_239,,0,resource creation,116
480,resource_239,,0,looping overhead,0
481,resource_240,,0,resource creation,143
482,resource_240,,0,looping overhead,0
483,resource_241,,0,resource creation,121
484,resource_241,,0,looping overhead,0
485,resource_242,,0,resource creation,163
486,resource_242,,0,looping overhead,0
487,resource_243,,0,resource creation,127
488,resource_243,,0,looping overhead,0
489,resource_244,,0,resource creation,157
490,resource_244,,0,looping overhead,0
491,resource_245,,0,resource creation,122
492,resource_245,,0,looping overhead,0
493,resource_246,,0,resource creation,126
494,resource_246,,0,looping overhead,0
495,resource_247,,0,resource creation,161
496,resource_247,,0,looping overhead,0
497,resource_248,,0,resource creation,118
498,resource_248,,0,looping overhead,0
499,resource_249,,0,resource creation,186
500,resource_249,,0,looping overhead,0
501,resource_250,,0,resource creation,117
502,resource_250,,0,looping overhead,0
503,resource_251,,0,resource creation,158
504,resource_251,,0,looping overhead,0
505,resource_252,,0,resource creation,126
506,resource_252,,0,looping overhead,0
507,resource_253,,0,resource creation,166
508,resource_253,,0,looping overhead,0
509,resource_254,,0,resource creation,122
510,resource_254,,0,looping overhead,0
511,resource_255,,0,resource creation,148
512,resource_255,,0,looping overhead,0
513,resource_256,,0,resource creation,119
514,resource_256,,0,looping overhead,0
515,resource_257,,0,resource creation,146
516,resource_257,,0,looping overhead,0
517,resource_258,,0,resource creation,124
518,resource_258,,0,looping overhead,0
519,resource_259,,0,resource creation,199
520,resource_259,,0,looping overhead,0
521,resource_260,,0,resource creation,123
522,resource_260,,0,looping overhead,0
523,resource_261,,0,resource creation,158
524,resource_261,,0,looping overhead,0
525,resource_262,,0,resource creation,145
526,resource_262,,0,looping overhead,0
527,resource_263,,0,resource creation,135
528,resource_263,,0,looping overhead,0
529,resource_264,,0,resource creation,159
530,resource_264,,0,looping overhead,0
531,resource_265,,0,resource creation,118
532,resource_265,,0,looping overhead,0
533,resource_266,,0,resource creation,197
534,resource_266,,0,looping overhead,0
535,resource_267,,0,resource creation,117
536,resource_267,,0,looping overhead,0
537,resource_268,,0,resource creation,159
538,resource_268,,0,looping overhead,0
539,resource_269,,0,resource creation,120
540,resource_269,,0,looping overhead,0
541,resource_270,,0,resource creation,185
542,resource_270,,0,looping overhead,0
543,resource_271,,0,resource creation,139
544,resource_271,,0,looping overhead,0
545,resource_272,,0,resource creation,188
546,resource_272,,0,looping overhead,0
547,resource_273,,0,resource creation,132
548,resource_273,,0,looping overhead,0
549,resource_274,,0,resource creation,167
550,resource_274,,0,looping overhead,0
551,resource_275,,0,resource creation,131
552,resource_275,,0,looping overhead,0
553,resource_276,,0,resource creation,149
554,resource_276,,0,looping overhead,0
555,resource_277,,0,resource creation,123
556,resource_277,,0,looping overhead,0
557,resource_278,,0,resource creation,145
558,resource_278,,0,looping overhead,0
559,resource_279,,0,resource creation,132
560,resource_279,,0,looping overhead,0
561,resource_280,,0,resource creation,161
562,resource_280,,0,looping overhead,0
563,resource_281,,0,resource creation,164
564,resource_281,,0,looping overhead,0
565,resource_282,,0,resource creation,106
566,resource_282,,0,looping overhead,0
567,resource_283,,0,resource creation,157
568,resource_283,,0,looping overhead,0
569,resource_284,,0,resource creation,115
570,resource_284,,0,looping overhead,0
571,resource_285,,0,resource creation,151
572,resource_285,,0,looping overhead,0
573,resource_286,,0,resource creation,107
574,resource_286,,0,looping overhead,0
575,resource_287,,0,resource creation,150
576,resource_287,,0,looping overhead,0
577,resource_288,,0,resource creation,126
578,resource_288,,0,looping overhead,0
579,resource_289,,0,resource creation,157
580,resource_289,,0,looping overhead,0
581,resource_290,,0,resource creation,112
582,resource_290,,0,looping overhead,0
583,resource_291,,0,resource creation,149
584,resource_291,,0,looping overhead,0
585,resource_292,,0,resource creation,115
586,resource_292,,0,looping overhead,0
587,resource_293,,0,resource creation,140
588,resource_293,,0,looping overhead,0
589,resource_294,,0,resource creation,170
590,resource_294,,0,looping overhead,0
591,resource_295,,0,resource creation,149
592,resource_295,,0,looping overhead,0
593,resource_296,,0,resource creation,127
594,resource_296,,0,looping overhead,0
595,resource_297,,0,resource creation,141
596,resource_297,,0,looping overhead,0
597,resource_298,,0,resource creation,172
598,resource_298,,0,looping overhead,0
599,resource_299,,0,resource creation,102
600,resource_299,,0,looping overhead,0
601,resource_300,,0,resource creation,156
602,resource_300,,0,looping overhead,0
603,resource_301,,0,resource creation,171
604,resource_301,,0,looping overhead,0
605,resource_302,,0,resource creation,158
606,resource_302,,0,looping overhead,0
607,resource_303,,0,resource creation,112
608,resource_303,,0,looping overhead,0
609,resource_304,,0,resource creation,158
610,resource_304,,0,looping overhead,0
611,resource_305,,0,resource creation,120
612,resource_305,,0,looping overhead,0
613,resource_306,,0,resource creation,155
614,resource_306,,0,looping overhead,0
615,resource_307,,0,resource creation,128
616,resource_307,,0,looping overhead,0
617,resource_308,,0,resource creation,144
618,resource_308,,0,looping overhead,0
619,resource_309,,0,resource creation,119
620,resource_309,,0,looping overhead,0
621,resource_310,,0,resource creation,143
622,resource_310,,0,looping overhead,0
623,resource_311,,0,resource creation,116
624,resource_311,,0,looping overhead,0
625,resource_312,,0,resource creation,146
626,resource_312,,0,looping overhead,0
627,resource_313,,0,resource creation,126
628,resource_313,,0,looping overhead,0
629,resource_314,,0,resource creation,133
630,resource_314,,0,looping overhead,0
631,resource_315,,0,resource creation,166
632,resource_315,,0,looping overhead,0
633,resource_316,,0,resource creation,128
634,resource_316,,0,looping overhead,0
635,resource_317,,0,resource creation,161
636,resource_317,,0,looping overhead,0
637,resource_318,,0,resource creation,131
638,resource_318,,0,looping overhead,0
639,resource_319,,0,resource creation,169
640,resource_319,,0,looping overhead,0
641,resource_320,,0,resource creation,127
642,resource_320,,0,looping overhead,0
643,resource_321,,0,resource creation,178
644,resource_321,,0,looping overhead,0
645,resource_322,,0,resource creation,125
646,resource_322,,0,looping overhead,0
647,resource_323,,0,resource creation,155
648,resource_323,,0,looping overhead,0
649,resource_324,,0,resource creation,132
650,resource_324,,0,looping overhead,0
651,resource_325,,0,resource creation,165
652,resource_325,,0,looping overhead,0
653,resource_326,,0,resource creation,108
654,resource_326,,0,looping overhead,0
655,resource_327,,0,resource creation,151
656,resource_327,,0,looping overhead,0
657,resource_328,,0,resource creation,132
658,resource_328,,0,looping overhead,0
659,resource_329,,0,resource creation,205
660,resource_329,,0,looping overhead,0
661,resource_330,,0,resource creation,130
662,resource_330,,0,looping overhead,0
663,resource_331,,0,resource creation,145
664,resource_331,,0,looping overhead,0
665,resource_332,,0,resource creation,177
666,resource_332,,0,looping overhead,0
667,resource_333,,0,resource creation,132
668,resource_333,,0,looping overhead,0
669,resource_334,,0,resource creation,174
670,resource_334,,0,looping overhead,0
671,resource_335,,0,resource creation,119
672,resource_335,,0,looping overhead,0
673,resource_336,,0,resource creation,195
674,resource_336,,0,looping overhead,0
675,resource_337,,0,resource creation,112
676,resource_337,,0,looping overhead,0
677,resource_338,,0,resource creation,155
678,resource_338,,0,looping overhead,0
679,resource_339,,0,resource creation,112
680,resource_339,,0,looping overhead,0
681,resource_340,,0,resource creation,147
682,resource_340,,0,looping overhead,0
683,resource_341,,0,resource creation,116
684,resource_341,,0,looping overhead,0
685,resource_342,,0,resource creation,153
686,resource_342,,0,looping overhead,0
687,resource_343,,0,resource creation,126
688,resource_343,,0,looping overhead,0
689,resource_344,,0,resource creation,142
690,resource_344,,0,looping overhead,0
691,resource_345,,0,resource creation,124
692,resource_345,,0,looping overhead,0
693,resource_346,,0,resource creation,147
694,resource_346,,0,looping overhead,0
695,resource_347,,0,resource creation,114
696,resource_347,,0,looping overhead,0
697,resource_348,,0,resource creation,124
698,resource_348,,0,looping overhead,0
699,resource_349,,0,resource creation,160
700,resource_349,,0,looping overhead,0
701,resource_350,,0,resource creation,112
702,resource_350,,0,looping overhead,0
703,resource_351,,0,resource creation,162
704,resource_351,,0,looping overhead,0
705,resource_352,,0,resource creation,126
706,resource_352,,0,looping overhead,0
707,resource_353,,0,resource creation,152
708,resource_353,,0,looping overhead,0
709,resource_354,,0,resource creation,114
710,resource_354,,0,looping overhead,0
711,resource_355,,0,resource creation,156
712,resource_355,,0,looping overhead,0
713,resource_356,,0,resource creation,109
714,resource_356,,0,looping overhead,0
715,resource_357,,0,resource creation,145
716,resource_357,,0,looping overhead,0
717,resource_358,,0,resource creation,119
718,resource_358,,0,looping overhead,0
719,resource_359,,0,resource creation,146
720,resource_359,,0,looping overhead,0
721,resource_360,,0,resource creation,125
722,resource_360,,0,looping overhead,0
723,resource_361,,0,resource creation,158
724,resource_361,,0,looping overhead,0
725,resource_362,,0,resource creation,129
726,resource_362,,0,looping overhead,0
727,resource_363,,0,resource creation,152
728,resource_363,,0,looping overhead,0
729,resource_364,,0,resource creation,127
730,resource_364,,0,looping overhead,0
731,resource_365,,0,resource creation,171
732,resource_365,,0,looping overhead,0
733,resource_366,,0,resource creation,168
734,resource_366,,0,looping overhead,0
735,resource_367,,0,resource creation,125
736,resource_367,,0,looping overhead,0
737,resource_368,,0,resource creation,181
738,resource_368,,0,looping overhead,0
739,resource_369,,0,resource creation,139
740,resource_369,,0,looping overhead,0
741,resource_370,,0,resource creation,159
742,resource_370,,0,looping overhead,0
743,resource_371,,0,resource creation,118
744,resource_371,,0,looping overhead,0
745,resource_372,,0,resource creation,194
746,resource_372,,0,looping overhead,0
747,resource_373,,0,resource creation,121
748,resource_373,,0,looping overhead,0
749,resource_374,,0,resource creation,150
750,resource_374,,0,looping overhead,0
751,resource_375,,0,resource creation,123
752,resource_375,,0,looping overhead,0
753,resource_376,,0,resource creation,153
754,resource_376,,0,looping overhead,0
755,resource_377,,0,resource creation,132
756,resource_377,,0,looping overhead,0
757,resource_378,,0,resource creation,165
758,resource_378,,0,looping overhead,0
759,resource_379,,0,resource creation,144
760,resource_379,,0,looping overhead,0
761,resource_380,,0,resource creation,159
762,resource_380,,0,looping overhead,0
763,resource_381,,0,resource creation,126
764,resource_381,,0,looping overhead,0
765,resource_382,,0,resource creation,130
766,resource_382,,0,looping overhead,0
767,resource_383,,0,resource creation,150
768,resource_383,,0,looping overhead,0
769,resource_384,,0,resource creation,118
770,resource_384,,0,looping overhead,0
771,resource_385,,0,resource creation,153
772,resource_385,,0,looping overhead,0
773,resource_386,,0,resource creation,130
774,resource_386,,0,looping overhead,0
775,resource_387,,0,resource creation,164
776,resource_387,,0,looping overhead,0
777,resource_388,,0,resource creation,125
778,resource_388,,0,looping overhead,0
779,resource_389,,0,resource creation,156
780,resource_389,,0,looping overhead,0
781,resource_390,,0,resource creation,125
782,resource_390,,0,looping overhead,0
783,resource_391,,0,resource creation,166
784,resource_391,,0,looping overhead,0
785,resource_392,,0,resource creation,128
786,resource_392,,0,looping overhead,0
787,resource_393,,0,resource creation,167
788,resource_393,,0,looping overhead,0
789,resource_394,,0,resource creation,134
790,resource_394,,0,looping overhead,0
791,resource_395,,0,resource creation,167
792,resource_395,,0,looping overhead,0
793,resource_396,,0,resource creation,119
794,resource_396,,0,looping overhead,0
795,resource_397,,0,resource creation,153
796,resource_397,,0,looping overhead,0
797,resource_398,,0,resource creation,142
798,resource_398,,0,looping overhead,0
799,resource_399,,0,resource creation,188
800,resource_399,,0,looping overhead,0
801,resource_400,,0,resource creation,154
802,resource_400,,0,looping overhead,0
803,resource_401,,0,resource creation,110
804,resource_401,,0,looping overhead,0
805,resource_402,,0,resource creation,152
806,resource_402,,0,looping overhead,0
807,resource_403,,0,resource creation,116
808,resource_403,,0,looping overhead,0
809,resource_404,,0,resource creation,154
810,resource_404,,0,looping overhead,0
811,resource_405,,0,resource creation,126
812,resource_405,,0,looping overhead,0
813,resource_406,,0,resource creation,212
814,resource_406,,0,looping overhead,0
815,resource_407,,0,resource creation,122
816,resource_407,,0,looping overhead,0
817,resource_408,,0,resource creation,151
818,resource_408,,0,looping overhead,0
819,resource_409,,0,resource creation,111
820,resource_409,,0,looping overhead,0
821,resource_410,,0,resource creation,141
822,resource_410,,0,looping overhead,0
823,resource_411,,0,resource creation,120
824,resource_411,,0,looping overhead,0
825,resource_412,,0,resource creation,142
826,resource_412,,0,looping overhead,0
827,resource_413,,0,resource creation,112
828,resource_413,,0,looping overhead,0
829,resource_414,,0,resource creation,155
830,resource_414,,0,looping overhead,0
831,resource_415,,0,resource creation,138
832,resource_415,,0,looping overhead,0
833,resource_416,,0,resource creation,123
834,resource_416,,0,looping overhead,0
835,resource_417,,0,resource creation,152
836,resource_417,,0,looping overhead,0
837,resource_418,,0,resource creation,117
838,resource_418,,0,looping overhead,0
839,resource_419,,0,resource creation,152
840,resource_419,,0,looping overhead,0
841,resource_420,,0,resource creation,110
842,resource_420,,0,looping overhead,0
843,resource_421,,0,resource creation,152
844,resource_421,,0,looping overhead,0
845,resource_422,,0,resource creation,110
846,resource_422,,0,looping overhead,0
847,resource_423,,0,resource creation,158
848,resource_423,,0,looping overhead,0
849,resource_424,,0,resource creation,124
850,resource_424,,0,looping overhead,0
851,resource_425,,0,resource creation,149
852,resource_425,,0,looping overhead,0
853,resource_426,,0,resource creation,112
854,resource_426,,0,looping overhead,0
855,resource_427,,0,resource creation,179
856,resource_427,,0,looping overhead,0
857,resource_428,,0,resource creation,117
858,resource_428,,0,looping overhead,0
859,resource_429,,0,resource creation,148
860,resource_429,,0,looping overhead,0
861,resource_430,,0,resource creation,118
862,resource_430,,0,looping overhead,0
863,resource_431,,0,resource creation,171
864,resource_431,,0,looping overhead,0
865,resource_432,,0,resource creation,159
866,resource_432,,0,looping overhead,0
867,resource_433,,0,resource creation,159
868,resource_433,,0,looping overhead,0
869,resource_434,,0,resource creation,157
870,resource_434,,0,looping overhead,0
871,resource_435,,0,resource creation,157
872,resource_435,,0,looping overhead,0
873,resource_436,,0,resource creation,157
874,resource_436,,0,looping overhead,0
875,resource_437,,0,resource creation,127
876,resource_437,,0,looping overhead,0
877,resource_438,,0,resource creation,173
878,resource_438,,0,looping overhead,0
879,resource_439,,0,resource creation,143
880,resource_439,,0,looping overhead,0
881,resource_440,,0,resource creation,162
882,resource_440,,0,looping overhead,0
883,resource_441,,0,resource creation,176
884,resource_441,,0,looping overhead,0
885,resource_442,,0,resource creation,157
886,resource_442,,0,looping overhead,0
887,resource_443,,0,resource creation,108
888,resource_443,,0,looping overhead,0
889,resource_444,,0,resource creation,147
890,resource_444,,0,looping overhead,0
891,resource_445,,0,resource creation,125
892,resource_445,,0,looping overhead,0
893,resource_446,,0,resource creation,153
894,resource_446,,0,looping overhead,0
895,resource_447,,0,resource creation,111
896,resource_447,,0,looping overhead,0
897,resource_448,,0,resource creation,141
898,resource_448,,0,looping overhead,0
899,resource_449,,0,resource creation,118
900,resource_449,,0,looping overhead,0
901,resource_450,,0,resource creation,145
902,resource_450,,0,looping overhead,0
903,resource_451,,0,resource creation,171
904,resource_451,,0,looping overhead,0
905,resource_452,,0,resource creation,115
906,resource_452,,0,looping overhead,0
907,resource_453,,0,resource creation,168
908,resource_453,,0,looping overhead,0
909,resource_454,,0,resource creation,105
910,resource_454,,0,looping overhead,0
911,resource_455,,0,resource creation,148
912,resource_455,,0,looping overhead,0
913,resource_456,,0,resource creation,112
914,resource_456,,0,looping overhead,0
915,resource_457,,0,resource creation,158
916,resource_457,,0,looping overhead,0
917,resource_458,,0,resource creation,119
918,resource_458,,0,looping overhead,0
919,resource_459,,0,resource creation,156
920,resource_459,,0,looping overhead,0
921,resource_460,,0,resource creation,132
922,resource_460,,0,looping overhead,0
923,resource_461,,0,resource creation,144
924,resource_461,,0,looping overhead,0
925,resource_462,,0,resource creation,110
926,resource_462,,0,looping overhead,0
927,resource_463,,0,resource creation,145
928,resource_463,,0,looping overhead,0
929,resource_464,,0,resource creation,115
930,resource_464,,0,looping overhead,0
931,resource_465,,0,resource creation,153
932,resource_465,,0,looping overhead,0
933,resource_466,,0,resource creation,117
934,resource_466,,0,looping overhead,0
935,resource_467,,0,resource creation,128
936,resource_467,,0,looping overhead,0
937,resource_468,,0,resource creation,167
938,resource_468,,0,looping overhead,0
939,resource_469,,0,resource creation,125
940,resource_469,,0,looping overhead,0
941,resource_470,,0,resource creation,214
942,resource_470,,0,looping overhead,0
943,resource_471,,0,resource creation,127
944,resource_471,,0,looping overhead,0
945,resource_472,,0,resource creation,170
946,resource_472,,0,looping overhead,0
947,resource_473,,0,resource creation,126
948,resource_473,,0,looping overhead,0
949,resource_474,,0,resource creation,159
950,resource_474,,0,looping overhead,0
951,resource_475,,0,resource creation,112
952,resource_475,,0,looping overhead,0
953,resource_476,,0,resource creation,144
954,resource_476,,0,looping overhead,0
955,resource_477,,0,resource creation,175
956,resource_477,,0,looping overhead,0
957,resource_478,,0,resource creation,164
958,resource_478,,0,looping overhead,0
959,resource_479,,0,resource creation,106
960,resource_479,,0,looping overhead,0
961,resource_480,,0,resource creation,139
962,resource_480,,0,looping overhead,0
963,resource_481,,0,resource creation,116
964,resource_481,,0,looping overhead,0
965,resource_482,,0,resource creation,151
966,resource_482,,0,looping overhead,0
967,resource_483,,0,resource creation,114
968,resource_483,,0,looping overhead,0
969,resource_484,,0,resource creation,129
970,resource_484,,0,looping overhead,0
971,resource_485,,0,resource creation,159
972,resource_485,,0,looping overhead,0
973,resource_486,,0,resource creation,121
974,resource_486,,0,looping overhead,0
975,resource_487,,0,resource creation,168
976,resource_487,,0,looping overhead,0
977,resource_488,,0,resource creation,105
978,resource_488,,0,looping overhead,0
979,resource_489,,0,resource creation,150
980,resource_489,,0,looping overhead,0
981,resource_490,,0,resource creation,114
982,resource_490,,0,looping overhead,0
983,resource_491,,0,resource creation,157
984,resource_491,,0,looping overhead,0
985,resource_492,,0,resource creation,112
986,resource_492,,0,looping overhead,0
987,resource_493,,0,resource creation,144
988,resource_493,,0,looping overhead,0
989,resource_494,,0,resource creation,120
990,resource_494,,0,looping overhead,0
991,resource_495,,0,resource creation,156
992,resource_495,,0,looping overhead,0
993,resource_496,,0,resource creation,127
994,resource_496,,0,looping overhead,0
995,resource_497,,0,resource creation,142
996,resource_497,,0,looping overhead,0
997,resource_498,,0,resource creation,117
998,resource_498,,0,looping overhead,0
999,resource_499,,0,resource creation,140
1000,resource_499,,0,looping overhead,0
1001,resource_500,,0,resource creation,114
1002,resource_500,,0,looping overhead,0
1003,resource_501,,0,resource creation,133
1004,resource_501,,0,looping overhead,0
1005,resource_502,,0,resource creation,163
1006,resource_502,,0,looping overhead,0
1007,resource_503,,0,resource creation,113
1008,resource_503,,0,looping overhead,0
1009,resource_504,,0,resource creation,171
1010,resource_504,,0,looping overhead,0
1011,resource_505,,0,resource creation,124
1012,resource_505,,0,looping overhead,0
1013,resource_506,,0,resource creation,207
1014,resource_506,,0,looping overhead,0
1015,resource_507,,0,resource creation,113
1016,resource_507,,0,looping overhead,0
1017,resource_508,,0,resource creation,154
1018,resource_508,,0,looping overhead,0
1019,resource_509,,0,resource creation,106
1020,resource_509,,0,looping overhead,0
1021,resource_510,,0,resource creation,144
1022,resource_510,,0,looping overhead,0
1023,resource_511,,0,resource creation,119
1024,resource_511,,0,looping overhead,0
1025,resource_512,,0,resource creation,145
1026,resource_512,,0,looping overhead,0
1027,resource_513,,0,resource creation,128
1028,resource_513,,0,looping overhead,0
1029,resource_514,,0,resource creation,196
1030,resource_514,,0,looping overhead,0
1031,resource_515,,0,resource creation,115
1032,resource_515,,0,looping overhead,0
1033,resource_516,,0,resource creation,150
1034,resource_516,,0,looping overhead,0
1035,resource_517,,0,resource creation,131
1036,resource_517,,0,looping overhead,0
1037,resource_518,,0,resource creation,142
1038,resource_518,,0,looping overhead,0
1039,resource_519,,0,resource creation,177
1040,resource_519,,0,looping overhead,0
1041,resource_520,,0,resource creation,132
1042,resource_520,,0,looping overhead,0
1043,resource_521,,0,resource creation,176
1044,resource_521,,0,looping overhead,0
1045,resource_522,,0,resource creation,130
1046,resource_522,,0,looping overhead,0
1047,resource_523,,0,resource creation,159
1048,resource_523,,0,looping overhead,0
1049,resource_524,,0,resource creation,124
1050,resource_524,,0,looping overhead,0
1051,resource_525,,0,resource creation,179
1052,resource_525,,0,looping overhead,0
1053,resource_526,,0,resource creation,129
1054,resource_526,,0,looping overhead,0
1055,resource_527,,0,resource creation,145
1056,resource_527,,0,looping overhead,0
1057,resource_528,,0,resource creation,113
1058,resource_528,,0,looping overhead,0
1059,resource_529,,0,resource creation,144
1060,resource_529,,0,looping overhead,0
1061,resource_530,,0,resource creation,112
1062,resource_530,,0,looping overhead,0
1063,resource_531,,0,resource creation,151
1064,resource_531,,0,looping overhead,0
1065,resource_532,,0,resource creation,131
1066,resource_532,,0,looping overhead,0
1067,resource_533,,0,resource creation,141
1068,resource_533,,0,looping overhead,0
1069,resource_534,,0,resource creation,113
1070,resource_534,,0,looping overhead,0
1071,resource_535,,0,resource creation,128
1072,resource_535,,0,looping overhead,0
1073,resource_536,,0,resource creation,158
1074,resource_536,,0,looping overhead,0
1075,resource_537,,0,resource creation,110
1076,resource_537,,0,looping overhead,0
1077,resource_538,,0,resource creation,168
1078,resource_538,,0,looping overhead,0
1079,resource_539,,0,resource creation,114
1080,resource_539,,0,looping overhead,0
1081,resource_540,,0,resource creation,160
1082,resource_540,,0,looping overhead,0
1083,resource_541,,0,resource creation,134
1084,resource_541,,0,looping overhead,0
1085,resource_542,,0,resource creation,208
1086,resource_542,,0,looping overhead,0
1087,resource_543,,0,resource creation,125
1088,resource_543,,0,looping overhead,0
1089,resource_544,,0,resource creation,150
1090,resource_544,,0,looping overhead,0
1091,resource_545,,0,resource creation,117
1092,resource_545,,0,looping overhead,0
1093,resource_546,,0,resource creation,157
1094,resource_546,,0,looping overhead,0
1095,resource_547,,0,resource creation,119
1096,resource_547,,0,looping overhead,0
1097,resource_548,,0,resource creation,148
1098,resource_548,,0,looping overhead,0
1099,resource_549,,0,resource creation,166
1100,resource_549,,0,looping overhead,0
1101,resource_550,,0,resource creation,164
1102,resource_550,,0,looping overhead,0
1103,resource_551,,0,resource creation,124
1104,resource_551,,0,looping overhead,0
1105,resource_552,,0,resource creation,135
1106,resource_552,,0,looping overhead,0
1107,resource_553,,0,resource creation,163
1108,resource_553,,0,looping overhead,0
1109,resource_554,,0,resource creation,114
1110,resource_554,,0,looping overhead,0
1111,resource_555,,0,resource creation,164
1112,resource_555,,0,looping overhead,0
1113,resource_556,,0,resource creation,117
1114,resource_556,,0,looping overhead,0
1115,resource_557,,0,resource creation,164
1116,resource_557,,0,looping overhead,0
1117,resource_558,,0,resource creation,125
1118,resource_558,,0,looping overhead,0
1119,resource_559,,0,resource creation,169
1120,resource_559,,0,looping overhead,0
1121,resource_560,,0,resource creation,119
1122,resource_560,,0,looping overhead,0
1123,resource_561,,0,resource creation,150
1124,resource_561,,0,looping overhead,0
1125,resource_562,,0,resource creation,110
1126,resource_562,,0,looping overhead,0
1127,resource_563,,0,resource creation,141
1128,resource_563,,0,looping overhead,0
1129,resource_564,,0,resource creation,122
1130,resource_564,,0,looping overhead,0
1131,resource_565,,0,resource creation,143
1132,resource_565,,0,looping overhead,0
1133,resource_566,,0,resource creation,110
1134,resource_566,,0,looping overhead,0
1135,resource_567,,0,resource creation,154
1136,resource_567,,0,looping overhead,0
1137,resource_568,,0,resource creation,141
1138,resource_568,,0,looping overhead,0
1139,resource_569,,0,resource creation,126
1140,resource_569,,0,looping overhead,0
1141,resource_570,,0,resource creation,153
1142,resource_570,,0,looping overhead,0
1143,resource_571,,0,resource creation,110
1144,resource_571,,0,looping overhead,0
1145,resource_572,,0,resource creation,155
1146,resource_572,,0,looping overhead,0
1147,resource_573,,0,resource creation,119
1148,resource_573,,0,looping overhead,0
1149,resource_574,,0,resource creation,159
1150,resource_574,,0,looping overhead,0
1151,resource_575,,0,resource creation,112
1152,resource_575,,0,looping overhead,0
1153,resource_576,,0,resource creation,164
1154,resource_576,,0,looping overhead,0
1155,resource_577,,0,resource creation,162
1156,resource_577,,0,looping overhead,0
1157,resource_578,,0,resource creation,151
1158,resource_578,,0,looping overhead,0
1159,resource_579,,0,resource creation,110
1160,resource_579,,0,looping overhead,0
1161,resource_580,,0,resource creation,144
1162,resource_580,,0,looping overhead,0
1163,resource_581,,0,resource creation,118
1164,resource_581,,0,looping overhead,0
1165,resource_582,,0,resource creation,142
1166,resource_582,,0,looping overhead,0
1167,resource_583,,0,resource creation,114
1168,resource_583,,0,looping overhead,0
1169,resource_584,,0,resource creation,152
1170,resource_584,,0,looping overhead,0
1171,resource_585,,0,resource creation,179
1172,resource_585,,0,looping overhead,0
1173,resource_586,,0,resource creation,144
1174,resource_586,,0,looping overhead,0
1175,resource_587,,0,resource creation,159
1176,resource_587,,0,looping overhead,0
1177,resource_588,,0,resource creation,112
1178,resource_588,,0,looping overhead,0
1179,resource_589,,0,resource creation,162
1180,resource_589,,0,looping overhead,0
1181,resource_590,,0,resource creation,116
1182,resource_590,,0,looping overhead,0
1183,resource_591,,0,resource creation,158
1184,resource_591,,0,looping overhead,0
1185,resource_592,,0,resource creation,114
1186,resource_592,,0,looping overhead,0
1187,resource_593,,0,resource creation,155
1188,resource_593,,0,looping overhead,0
1189,resource_594,,0,resource creation,127
1190,resource_594,,0,looping overhead,0
1191,resource_595,,0,resource creation,164
1192,resource_595,,0,looping overhead,0
1193,resource_596,,0,resource creation,114
1194,resource_596,,0,looping overhead,0
1195,resource_597,,0,resource creation,147
1196,resource_597,,0,looping overhead,0
1197,resource_598,,0,resource creation,120
1198,resource_598,,0,looping overhead,0
1199,resource_599,,0,resource creation,143
1200,resource_599,,0,looping overhead,0
1201,resource_600,,0,resource creation,124
1202,resource_600,,0,looping overhead,0
1203,resource_601,,0,resource creation,148
1204,resource_601,,0,looping overhead,0
1205,resource_602,,0,resource creation,127
1206,resource_602,,0,looping overhead,0
1207,resource_603,,0,resource creation,144
1208,resource_603,,0,looping overhead,0
1209,resource_604,,0,resource creation,192
1210,resource_604,,0,looping overhead,0
1211,resource_605,,0,resource creation,129
1212,resource_605,,0,looping overhead,0
1213,resource_606,,0,resource creation,177
1214,resource_606,,0,looping overhead,0
1215,resource_607,,0,resource creation,123
1216,resource_607,,0,looping overhead,0
1217,resource_608,,0,resource creation,156
1218,resource_608,,0,looping overhead,0
1219,resource_609,,0,resource creation,116
1220,resource_609,,0,looping overhead,0
1221,resource_610,,0,resource creation,157
1222,resource_610,,0,looping overhead,0
1223,resource_611,,0,resource creation,133
1224,resource_611,,0,looping overhead,0
1225,resource_612,,0,resource creation,155
1226,resource_612,,0,looping overhead,0
1227,resource_613,,0,resource creation,173
1228,resource_613,,0,looping overhead,0
1229,resource_614,,0,resource creation,146
1230,resource_614,,0,looping overhead,0
1231,resource_615,,0,resource creation,117
1232,resource_615,,0,looping overhead,0
1233,resource_616,,0,resource creation,140
1234,resource_616,,0,looping overhead,0
1235,resource_617,,0,resource creation,115
1236,resource_617,,0,looping overhead,0
1237,resource_618,,0,resource creation,142
1238,resource_618,,0,looping overhead,0
1239,resource_619,,0,resource creation,128
1240,resource_619,,0,looping overhead,0
1241,resource_620,,0,resource creation,180
1242,resource_620,,0,looping overhead,0
1243,resource_621,,0,resource creation,169
1244,resource_621,,0,looping overhead,0
1245,resource_622,,0,resource creation,131
1246,resource_622,,0,looping overhead,0
1247,resource_623,,0,resource creation,161
1248,resource_623,,0,looping overhead,0
1249,resource_624,,0,resource creation,114
1250,resource_624,,0,looping overhead,0
1251,resource_625,,0,resource creation,155
1252,resource_625,,0,looping overhead,0
1253,resource_626,,0,resource creation,116
1254,resource_626,,0,looping overhead,0
1255,resource_627,,0,resource creation,168
1256,resource_627,,0,looping overhead,0
1257,resource_628,,0,resource creation,115
1258,resource_628,,0,looping overhead,0
1259,resource_629,,0,resource creation,156
1260,resource_629,,0,looping overhead,0
1261,resource_630,,0,resource creation,126
1262,resource_630,,0,looping overhead,0
1263,resource_631,,0,resource creation,158
1264,resource_631,,0,looping overhead,0
1265,resource_632,,0,resource creation,116
1266,resource_632,,0,looping overhead,0
1267,resource_633,,0,resource creation,135
1268,resource_633,,0,looping overhead,0
1269,resource_634,,0,resource creation,117
1270,resource_634,,0,looping overhead,0
1271,resource_635,,0,resource creation,145
1272,resource_635,,0,looping overhead,0
1273,resource_636,,0,resource creation,123
1274,resource_636,,0,looping overhead,0
1275,resource_637,,0,resource creation,129
1276,resource_637,,0,looping overhead,0
1277,resource_638,,0,resource creation,162
1278,resource_638,,0,looping overhead,0
1279,resource_639,,0,resource creation,121
1280,resource_639,,0,looping overhead,0
1281,resource_640,,0,resource creation,162
1282,resource_640,,0,looping overhead,0
1283,resource_641,,0,resource creation,130
1284,resource_641,,0,looping overhead,0
1285,resource_642,,0,resource creation,162
1286,resource_642,,0,looping overhead,0
1287,resource_643,,0,resource creation,113
1288,resource_643,,0,looping overhead,0
1289,resource_644,,0,resource creation,158
1290,resource_644,,0,looping overhead,0
1291,resource_645,,0,resource creation,119
1292,resource_645,,0,looping overhead,0
1293,resource_646,,0,resource creation,147
1294,resource_646,,0,looping overhead,0
1295,resource_647,,0,resource creation,126
1296,resource_647,,0,looping overhead,0
1297,resource_648,,0,resource creation,201
1298,resource_648,,0,looping overhead,0
1299,resource_649,,0,resource creation,135
1300,resource_649,,0,looping overhead,0
1301,resource_650,,0,resource creation,142
1302,resource_650,,0,looping overhead,0
1303,resource_651,,0,resource creation,118
1304,resource_651,,0,looping overhead,0
1305,resource_652,,0,resource creation,142
1306,resource_652,,0,looping overhead,0
1307,resource_653,,0,resource creation,119
1308,resource_653,,0,looping overhead,0
1309,resource_654,,0,resource creation,134
1310,resource_654,,0,looping overhead,0
1311,resource_655,,0,resource creation,166
1312,resource_655,,0,looping overhead,0
1313,resource_656,,0,resource creation,150
1314,resource_656,,0,looping overhead,0
1315,resource_657,,0,resource creation,165
1316,resource_657,,0,looping overhead,0
1317,resource_658,,0,resource creation,131
1318,resource_658,,0,looping overhead,0
1319,resource_659,,0,resource creation,156
1320,resource_659,,0,looping overhead,0
1321,resource_660,,0,resource creation,113
1322,resource_660,,0,looping overhead,0
1323,resource_661,,0,resource creation,162
1324,resource_661,,0,looping overhead,0
1325,resource_662,,0,resource creation,122
1326,resource_662,,0,looping overhead,0
1327,resource_663,,0,resource creation,149
1328,resource_663,,0,looping overhead,0
1329,resource_664,,0,resource creation,125
1330,resource_664,,0,looping overhead,0
1331,resource_665,,0,resource creation,158
1332,resource_665,,0,looping overhead,0
1333,resource_666,,0,resource creation,131
1334,resource_666,,0,looping overhead,0
1335,resource_667,,0,resource creation,167
1336,resource_667,,0,looping overhead,0
1337,resource_668,,0,resource creation,114
1338,resource_668,,0,looping overhead,0
1339,resource_669,,0,resource creation,142
1340,resource_669,,0,looping overhead,0
1341,resource_670,,0,resource creation,122
1342,resource_670,,0,looping overhead,0
1343,resource_671,,0,resource creation,126
1344,resource_671,,0,looping overhead,0
1345,resource_672,,0,resource creation,165
1346,resource_672,,0,looping overhead,0
1347,resource_673,,0,resource creation,116
1348,resource_673,,0,looping overhead,0
1349,resource_674,,0,resource creation,161
1350,resource_674,,0,looping overhead,0
1351,resource_675,,0,resource creation,126
1352,resource_675,,0,looping overhead,0
1353,resource_676,,0,resource creation,170
1354,resource_676,,0,looping overhead,0
1355,resource_677,,0,resource creation,111
1356,resource_677,,0,looping overhead,0
1357,resource_678,,0,resource creation,156
1358,resource_678,,0,looping overhead,0
1359,resource_679,,0,resource creation,119
1360,resource_679,,0,looping overhead,0
1361,resource_680,,0,resource creation,155
1362,resource_680,,0,looping overhead,0
1363,resource_681,,0,resource creation,118
1364,resource_681,,0,looping overhead,0
1365,resource_682,,0,resource creation,148
1366,resource_682,,0,looping overhead,0
1367,resource_683,,0,resource creation,116
1368,resource_683,,0,looping overhead,0
1369,resource_684,,0,resource creation,192
1370,resource_684,,0,looping overhead,0
1371,resource_685,,0,resource creation,135
1372,resource_685,,0,looping overhead,0
1373,resource_686,,0,resource creation,143
1374,resource_686,,0,looping overhead,0
1375,resource_687,,0,resource creation,122
1376,resource_687,,0,looping overhead,0
1377,resource_688,,0,resource creation,128
1378,resource_688,,0,looping overhead,0
1379,resource_689,,0,resource creation,159
1380,resource_689,,0,looping overhead,0
1381,resource_690,,0,resource creation,114
1382,resource_690,,0,looping overhead,0
1383,resource_691,,0,resource creation,215
1384,resource_691,,0,looping overhead,0
1385,resource_692,,0,resource creation,120
1386,resource_692,,0,looping overhead,0
1387,resource_693,,0,resource creation,171
1388,resource_693,,0,looping overhead,0
1389,resource_694,,0,resource creation,134
1390,resource_694,,0,looping overhead,0
1391,resource_695,,0,resource creation,153
1392,resource_695,,0,looping overhead,0
1393,resource_696,,0,resource creation,119
1394,resource_696,,0,looping overhead,0
1395,resource_697,,0,resource creation,158
1396,resource_697,,0,looping overhead,0
1397,resource_698,,0,resource creation,135
1398,resource_698,,0,looping overhead,0
1399,resource_699,,0,resource creation,164
1400,resource_699,,0,looping overhead,0
1401,resource_700,,0,resource creation,135
1402,resource_700,,0,looping overhead,0
1403,resource_701,,0,resource creation,149
1404,resource_701,,0,looping overhead,0
1405,resource_702,,0,resource creation,131
1406,resource_702,,0,looping overhead,0
1407,resource_703,,0,resource creation,171
1408,resource_703,,0,looping overhead,0
1409,resource_704,,0,resource creation,131
1410,resource_704,,0,looping overhead,0
1411,resource_705,,0,resource creation,136
1412,resource_705,,0,looping overhead,0
1413,resource_706,,0,resource creation,154
1414,resource_706,,0,looping overhead,0
1415,resource_707,,0,resource creation,107
1416,resource_707,,0,looping overhead,0
1417,resource_708,,0,resource creation,158
1418,resource_708,,0,looping overhead,0
1419,resource_709,,0,resource creation,117
1420,resource_709,,0,looping overhead,0
1421,resource_710,,0,resource creation,155
1422,resource_710,,0,looping overhead,0
1423,resource_711,,0,resource creation,115
1424,resource_711,,0,looping overhead,0
1425,resource_712,,0,resource creation,159
1426,resource_712,,0,looping overhead,0
1427,resource_713,,0,resource creation,118
1428,resource_713,,0,looping overhead,0
1429,resource_714,,0,resource creation,153
1430,resource_714,,0,looping overhead,0
1431,resource_715,,0,resource creation,107
1432,resource_715,,0,looping overhead,0
1433,resource_716,,0,resource creation,143
1434,resource_716,,0,looping overhead,0
1435,resource_717,,0,resource creation,119
1436,resource_717,,0,looping overhead,0
1437,resource_718,,0,resource creation,148
1438,resource_718,,0,looping overhead,0
1439,resource_719,,0,resource creation,124
1440,resource_719,,0,looping overhead,0
1441,resource_720,,0,resource creation,187
1442,resource_720,,0,looping overhead,0
1443,resource_721,,0,resource creation,151
1444,resource_721,,0,looping overhead,0
1445,resource_722,,0,resource creation,142
1446,resource_722,,0,looping overhead,0
1447,resource_723,,0,resource creation,165
1448,resource_723,,0,looping overhead,0
1449,resource_724,,0,resource creation,113
1450,resource_724,,0,looping overhead,0
1451,resource_725,,0,resource creation,154
1452,resource_725,,0,looping overhead,0
1453,resource_726,,0,resource creation,167
1454,resource_726,,0,looping overhead,0
1455,resource_727,,0,resource creation,166
1456,resource_727,,0,looping overhead,0
1457,resource_728,,0,resource creation,118
1458,resource_728,,0,looping overhead,0
1459,resource_729,,0,resource creation,157
1460,resource_729,,0,looping overhead,0
1461,resource_730,,0,resource creation,125
1462,resource_730,,0,looping overhead,0
1463,resource_731,,0,resource creation,148
1464,resource_731,,0,looping overhead,0
1465,resource_732,,0,resource creation,120
1466,resource_732,,0,looping overhead,0
1467,resource_733,,0,resource creation,145
1468,resource_733,,0,looping overhead,0
1469,resource_734,,0,resource creation,109
1470,resource_734,,0,looping overhead,0
1471,resource_735,,0,resource creation,144
1472,resource_735,,0,looping overhead,0
1473,resource_736,,0,resource creation,119
1474,resource_736,,0,looping overhead,0
1475,resource_737,,0,resource creation,145
1476,resource_737,,0,looping overhead,0
1477,resource_738,,0,resource creation,125
1478,resource_738,,0,looping overhead,0
1479,resource_739,,0,resource creation,142
1480,resource_739,,0,looping overhead,0
1481,resource_740,,0,resource creation,163
1482,resource_740,,0,looping overhead,0
1483,resource_741,,0,resource creation,110
1484,resource_741,,0,looping overhead,0
1485,resource_742,,0,resource creation,144
1486,resource_742,,0,looping overhead,0
1487,resource_743,,0,resource creation,116
1488,resource_743,,0,looping overhead,0
1489,resource_744,,0,resource creation,150
1490,resource_744,,0,looping overhead,0
1491,resource_745,,0,resource creation,118
1492,resource_745,,0,looping overhead,0
1493,resource_746,,0,resource creation,159
1494,resource_746,,0,looping overhead,0
1495,resource_747,,0,resource creation,127
1496,resource_747,,0,looping overhead,0
1497,resource_748,,0,resource creation,158
1498,resource_748,,0,looping overhead,0
1499,resource_749,,0,resource creation,107
1500,resource_749,,0,looping overhead,0
1501,resource_750,,0,resource creation,146
1502,resource_750,,0,looping overhead,0
1503,resource_751,,0,resource creation,119
1504,resource_751,,0,looping overhead,0
1505,resource_752,,0,resource creation,142
1506,resource_752,,0,looping overhead,0
1507,resource_753,,0,resource creation,109
1508,resource_753,,0,looping overhead,0
1509,resource_754,,0,resource creation,147
1510,resource_754,,0,looping overhead,0
1511,resource_755,,0,resource creation,124
1512,resource_755,,0,looping overhead,0
1513,resource_756,,0,resource creation,178
1514,resource_756,,0,looping overhead,0
1515,resource_757,,0,resource creation,166
1516,resource_757,,0,looping overhead,0
1517,resource_758,,0,resource creation,109
1518,resource_758,,0,looping overhead,0
1519,resource_759,,0,resource creation,157
1520,resource_759,,0,looping overhead,0
1521,resource_760,,0,resource creation,120
1522,resource_760,,0,looping overhead,0
1523,resource_761,,0,resource creation,155
1524,resource_761,,0,looping overhead,0
1525,resource_762,,0,resource creation,113
1526,resource_762,,0,looping overhead,0
1527,resource_763,,0,resource creation,191
1528,resource_763,,0,looping overhead,0
1529,resource_764,,0,resource creation,123
1530,resource_764,,0,looping overhead,0
1531,resource_765,,0,resource creation,160
1532,resource_765,,0,looping overhead,0
1533,resource_766,,0,resource creation,128
1534,resource_766,,0,looping overhead,0
1535,resource_767,,0,resource creation,149
1536,resource_767,,0,looping overhead,0
1537,resource_768,,0,resource creation,118
1538,resource_768,,0,looping overhead,0
1539,resource_769,,0,resource creation,141
1540,resource_769,,0,looping overhead,0
1541,resource_770,,0,resource creation,111
1542,resource_770,,0,looping overhead,0
1543,resource_771,,0,resource creation,144
1544,resource_771,,0,looping overhead,0
1545,resource_772,,0,resource creation,115
1546,resource_772,,0,looping overhead,0
1547,resource_773,,0,resource creation,131
1548,resource_773,,0,looping overhead,0
1549,resource_774,,0,resource creation,176
1550,resource_774,,0,looping overhead,0
1551,resource_775,,0,resource creation,132
1552,resource_775,,0,looping overhead,0
1553,resource_776,,0,resource creation,227
1554,resource_776,,0,looping overhead,0
1555,resource_777,,0,resource creation,154
1556,resource_777,,0,looping overhead,0
1557,resource_778,,0,resource creation,183
1558,resource_778,,0,looping overhead,0
1559,resource_779,,0,resource creation,159
1560,resource_779,,0,looping overhead,0
1561,resource_780,,0,resource creation,173
1562,resource_780,,0,looping overhead,0
1563,resource_781,,0,resource creation,113
1564,resource_781,,0,looping overhead,0
1565,resource_782,,0,resource creation,156
1566,resource_782,,0,looping overhead,0
1567,resource_783,,0,resource creation,131
1568,resource_783,,0,looping overhead,0
1569,resource_784,,0,resource creation,160
1570,resource_784,,0,looping overhead,0
1571,resource_785,,0,resource creation,109
1572,resource_785,,0,looping overhead,0
1573,resource_786,,0,resource creation,139
1574,resource_786,,0,looping overhead,0
1575,resource_787,,0,resource creation,117
1576,resource_787,,0,looping overhead,0
1577,resource_788,,0,resource creation,151
1578,resource_788,,0,looping overhead,0
1579,resource_789,,0,resource creation,116
1580,resource_789,,0,looping overhead,0
1581,resource_790,,0,resource creation,189
1582,resource_790,,0,looping overhead,0
1583,resource_791,,0,resource creation,159
1584,resource_791,,0,looping overhead,0
1585,resource_792,,0,resource creation,111
1586,resource_792,,0,looping overhead,0
1587,resource_793,,0,resource creation,169
1588,resource_793,,0,looping overhead,0
1589,resource_794,,0,resource creation,113
1590,resource_794,,0,looping overhead,0
1591,resource_795,,0,resource creation,154
1592,resource_795,,0,looping overhead,0
1593,resource_796,,0,resource creation,108
1594,resource_796,,0,looping overhead,0
1595,resource_797,,0,resource creation,190
1596,resource_797,,0,looping overhead,0
1597,resource_798,,0,resource creation,126
1598,resource_798,,0,looping overhead,0
1599,resource_799,,0,resource creation,166
1600,resource_799,,0,looping overhead,0
1601,resource_800,,0,resource creation,124
1602,resource_800,,0,looping overhead,0
1603,resource_801,,0,resource creation,157
1604,resource_801,,0,looping overhead,0
1605,resource_802,,0,resource creation,132
1606,resource_802,,0,looping overhead,0
1607,resource_803,,0,resource creation,137
1608,resource_803,,0,looping overhead,0
1609,resource_804,,0,resource creation,111
1610,resource_804,,0,looping overhead,0
1611,resource_805,,0,resource creation,147
1612,resource_805,,0,looping overhead,0
1613,resource_806,,0,resource creation,130
1614,resource_806,,0,looping overhead,0
1615,resource_807,,0,resource creation,126
1616,resource_807,,0,looping overhead,0
1617,resource_808,,0,resource creation,157
1618,resource_808,,0,looping overhead,0
1619,resource_809,,0,resource creation,110
1620,resource_809,,0,looping overhead,0
1621,resource_810,,0,resource creation,160
1622,resource_810,,0,looping overhead,0
1623,resource_811,,0,resource creation,131
1624,resource_811,,0,looping overhead,0
1625,resource_812,,0,resource creation,167
1626,resource_812,,0,looping overhead,0
1627,resource_813,,0,resource creation,120
1628,resource_813,,0,looping overhead,0
1629,resource_814,,0,resource creation,159
1630,resource_814,,0,looping overhead,0
1631,resource_815,,0,resource creation,115
1632,resource_815,,0,looping overhead,0
1633,resource_816,,0,resource creation,150
1634,resource_816,,0,looping overhead,0
1635,resource_817,,0,resource creation,111
1636,resource_817,,0,looping overhead,0
1637,resource_818,,0,resource creation,146
1638,resource_818,,0,looping overhead,0
1639,resource_819,,0,resource creation,128
1640,resource_819,,0,looping overhead,0
1641,resource_820,,0,resource creation,154
1642,resource_820,,0,looping overhead,0
1643,resource_821,,0,resource creation,106
1644,resource_821,,0,looping overhead,0
1645,resource_822,,0,resource creation,142
1646,resource_822,,0,looping overhead,0
1647,resource_823,,0,resource creation,120
1648,resource_823,,0,looping overhead,0
1649,resource_824,,0,resource creation,125
1650,resource_824,,0,looping overhead,0
1651,resource_825,,0,resource creation,154
1652,resource_825,,0,looping overhead,0
1653,resource_826,,0,resource creation,160
1654,resource_826,,0,looping overhead,0
1655,resource_827,,0,resource creation,156
1656,resource_827,,0,looping overhead,0
1657,resource_828,,0,resource creation,120
1658,resource_828,,0,looping overhead,0
1659,resource_829,,0,resource creation,161
1660,resource_829,,0,looping overhead,0
1661,resource_830,,0,resource creation,114
1662,resource_830,,0,looping overhead,0
1663,resource_831,,0,resource creation,158
1664,resource_831,,0,looping overhead,0
1665,resource_832,,0,resource creation,111
1666,resource_832,,0,looping overhead,0
1667,resource_833,,0,resource creation,199
1668,resource_833,,0,looping overhead,0
1669,resource_834,,0,resource creation,119
1670,resource_834,,0,looping overhead,0
1671,resource_835,,0,resource creation,150
1672,resource_835,,0,looping overhead,0
1673,resource_836,,0,resource creation,114
1674,resource_836,,0,looping overhead,0
1675,resource_837,,0,resource creation,155
1676,resource_837,,0,looping overhead,0
1677,resource_838,,0,resource creation,137
1678,resource_838,,0,looping overhead,0
1679,resource_839,,0,resource creation,141
1680,resource_839,,0,looping overhead,0
1681,resource_840,,0,resource creation,118
1682,resource_840,,0,looping overhead,0
1683,resource_841,,0,resource creation,129
1684,resource_841,,0,looping overhead,0
1685,resource_842,,0,resource creation,166
1686,resource_842,,0,looping overhead,0
1687,resource_843,,0,resource creation,117
1688,resource_843,,0,looping overhead,0
1689,resource_844,,0,resource creation,163
1690,resource_844,,0,looping overhead,0
1691,resource_845,,0,resource creation,115
1692,resource_845,,0,looping overhead,0
1693,resource_846,,0,resource creation,162
1694,resource_846,,0,looping overhead,0
1695,resource_847,,0,resource creation,132
1696,resource_847,,0,looping overhead,0
1697,resource_848,,0,resource creation,156
1698,resource_848,,0,looping overhead,0
1699,resource_849,,0,resource creation,110
1700,resource_849,,0,looping overhead,0
1701,resource_850,,0,resource creation,149
1702,resource_850,,0,looping overhead,0
1703,resource_851,,0,resource creation,128
1704,resource_851,,0,looping overhead,0
1705,resource_852,,0,resource creation,150
1706,resource_852,,0,looping overhead,0
1707,resource_853,,0,resource creation,115
1708,resource_853,,0,looping overhead,0
1709,resource_854,,0,resource creation,143
1710,resource_854,,0,looping overhead,0
1711,resource_855,,0,resource creation,134
1712,resource_855,,0,looping overhead,0
1713,resource_856,,0,resource creation,165
1714,resource_856,,0,looping overhead,0
1715,resource_857,,0,resource creation,119
1716,resource_857,,0,looping overhead,0
1717,resource_858,,0,resource creation,132
1718,resource_858,,0,looping overhead,0
1719,resource_859,,0,resource creation,168
1720,resource_859,,0,looping overhead,0
1721,resource_860,,0,resource creation,118
1722,resource_860,,0,looping overhead,0
1723,resource_861,,0,resource creation,171
1724,resource_861,,0,looping overhead,0
1725,resource_862,,0,resource creation,153
1726,resource_862,,0,looping overhead,0
1727,resource_863,,0,resource creation,165
1728,resource_863,,0,looping overhead,0
1729,resource_864,,0,resource creation,141
1730,resource_864,,0,looping overhead,0
1731,resource_865,,0,resource creation,189
1732,resource_865,,0,looping overhead,0
1733,resource_866,,0,resource creation,134
1734,resource_866,,0,looping overhead,0
1735,resource_867,,0,resource creation,173
1736,resource_867,,0,looping overhead,0
1737,resource_868,,0,resource creation,173
1738,resource_868,,0,looping overhead,0
1739,resource_869,,0,resource creation,160
1740,resource_869,,0,looping overhead,0
1741,resource_870,,0,resource creation,124
1742,resource_870,,0,looping overhead,0
1743,resource_871,,0,resource creation,155
1744,resource_871,,0,looping overhead,0
1745,resource_872,,0,resource creation,134
1746,resource_872,,0,looping overhead,0
1747,resource_873,,0,resource creation,159
1748,resource_873,,0,looping overhead,0
1749,resource_874,,0,resource creation,139
1750,resource_874,,0,looping overhead,0
1751,resource_875,,0,resource creation,142
1752,resource_875,,0,looping overhead,0
1753,resource_876,,0,resource creation,166
1754,resource_876,,0,looping overhead,0
1755,resource_877,,0,resource creation,127
1756,resource_877,,0,looping overhead,0
1757,resource_878,,0,resource creation,177
1758,resource_878,,0,looping overhead,0
1759,resource_879,,0,resource creation,135
1760,resource_879,,0,looping overhead,0
1761,resource_880,,0,resource creation,178
1762,resource_880,,0,looping overhead,0
1763,resource_881,,0,resource creation,136
1764,resource_881,,0,looping overhead,0
1765,resource_882,,0,resource creation,179
1766,resource_882,,0,looping overhead,0
1767,resource_883,,0,resource creation,135
1768,resource_883,,0,looping overhead,0
1769,resource_884,,0,resource creation,166
1770,resource_884,,0,looping overhead,0
1771,resource_885,,0,resource creation,122
1772,resource_885,,0,looping overhead,0
1773,resource_886,,0,resource creation,155
1774,resource_886,,0,looping overhead,0
1775,resource_887,,0,resource creation,126
1776,resource_887,,0,looping overhead,0
1777,resource_888,,0,resource creation,155
1778,resource_888,,0,looping overhead,0
1779,resource_889,,0,resource creation,120
1780,resource_889,,0,looping overhead,0
1781,resource_890,,0,resource creation,150
1782,resource_890,,0,looping overhead,0
1783,resource_891,,0,resource creation,133
1784,resource_891,,0,looping overhead,0
1785,resource_892,,0,resource creation,166
1786,resource_892,,0,looping overhead,0
1787,resource_893,,0,resource creation,181
1788,resource_893,,0,looping overhead,0
1789,resource_894,,0,resource creation,127
1790,resource_894,,0,looping overhead,0
1791,resource_895,,0,resource creation,202
1792,resource_895,,0,looping overhead,0
1793,resource_896,,0,resource creation,118
1794,resource_896,,0,looping overhead,0
1795,resource_897,,0,resource creation,175
1796,resource_897,,0,looping overhead,0
1797,resource_898,,0,resource creation,125
1798,resource_898,,0,looping overhead,0
1799,resource_899,,0,resource creation,168
1800,resource_899,,0,looping overhead,0
1801,resource_900,,0,resource creation,149
1802,resource_900,,0,looping overhead,0
1803,resource_901,,0,resource creation,229
1804,resource_901,,0,looping overhead,0
1805,resource_902,,0,resource creation,123
1806,resource_902,,0,looping overhead,0
1807,resource_903,,0,resource creation,154
1808,resource_903,,0,looping overhead,0
1809,resource_904,,0,resource creation,119
1810,resource_904,,0,looping overhead,0
1811,resource_905,,0,resource creation,149
1812,resource_905,,0,looping overhead,0
1813,resource_906,,0,resource creation,128
1814,resource_906,,0,looping overhead,0
1815,resource_907,,0,resource creation,153
1816,resource_907,,0,looping overhead,0
1817,resource_908,,0,resource creation,126
1818,resource_908,,0,looping overhead,0
1819,resource_909,,0,resource creation,138
1820,resource_909,,0,looping overhead,0
1821,resource_910,,0,resource creation,175
1822,resource_910,,0,looping overhead,0
1823,resource_911,,0,resource creation,112
1824,resource_911,,0,looping overhead,0
1825,resource_912,,0,resource creation,172
1826,resource_912,,0,looping overhead,0
1827,resource_913,,0,resource creation,130
1828,resource_913,,0,looping overhead,0
1829,resource_914,,0,resource creation,159
1830,resource_914,,0,looping overhead,0
1831,resource_915,,0,resource creation,119
1832,resource_915,,0,looping overhead,0
1833,resource_916,,0,resource creation,167
1834,resource_916,,0,looping overhead,0
1835,resource_917,,0,resource creation,118
1836,resource_917,,0,looping overhead,0
1837,resource_918,,0,resource creation,160
1838,resource_918,,0,looping overhead,0
1839,resource_919,,0,resource creation,135
1840,resource_919,,0,looping overhead,0
1841,resource_920,,0,resource creation,154
1842,resource_920,,0,looping overhead,0
1843,resource_921,,0,resource creation,118
1844,resource_921,,0,looping overhead,0
1845,resource_922,,0,resource creation,142
1846,resource_922,,0,looping overhead,0
1847,resource_923,,0,resource creation,120
1848,resource_923,,0,looping overhead,0
1849,resource_924,,0,resource creation,161
1850,resource_924,,0,looping overhead,0
1851,resource_925,,0,resource creation,125
1852,resource_925,,0,looping overhead,0
1853,resource_926,,0,resource creation,132
1854,resource_926,,0,looping overhead,0
1855,resource_927,,0,resource creation,171
1856,resource_927,,0,looping overhead,0
1857,resource_928,,0,resource creation,132
1858,resource_928,,0,looping overhead,0
1859,resource_929,,0,resource creation,207
1860,resource_929,,0,looping overhead,0
1861,resource_930,,0,resource creation,122
1862,resource_930,,0,looping overhead,0
1863,resource_931,,0,resource creation,159
1864,resource_931,,0,looping overhead,0
1865,resource_932,,0,resource creation,115
1866,resource_932,,0,looping overhead,0
1867,resource_933,,0,resource creation,163
1868,resource_933,,0,looping overhead,0
1869,resource_934,,0,resource creation,125
1870,resource_934,,0,looping overhead,0
1871,resource_935,,0,resource creation,152
1872,resource_935,,0,looping overhead,0
1873,resource_936,,0,resource creation,173
1874,resource_936,,0,looping overhead,0
1875,resource_937,,0,resource creation,173
1876,resource_937,,0,looping overhead,0
1877,resource_938,,0,resource creation,122
1878,resource_938,,0,looping overhead,0
1879,resource_939,,0,resource creation,143
1880,resource_939,,0,looping overhead,0
1881,resource_940,,0,resource creation,122
1882,resource_940,,0,looping overhead,0
1883,resource_941,,0,resource creation,155
1884,resource_941,,0,looping overhead,0
1885,resource_942,,0,resource creation,128
1886,resource_942,,0,looping overhead,0
1887,resource_943,,0,resource creation,137
1888,resource_943,,0,looping overhead,0
1889,resource_944,,0,resource creation,168
1890,resource_944,,0,looping overhead,0
1891,resource_945,,0,resource creation,120
1892,resource_945,,0,looping overhead,0
1893,resource_946,,0,resource creation,183
1894,resource_946,,0,looping overhead,0
1895,resource_947,,0,resource creation,123
1896,resource_947,,0,looping overhead,0
1897,resource_948,,0,resource creation,161
1898,resource_948,,0,looping overhead,0
1899,resource_949,,0,resource creation,117
1900,resource_949,,0,looping overhead,0
1901,resource_950,,0,resource creation,167
1902,resource_950,,0,looping overhead,0
1903,resource_951,,0,resource creation,125
1904,resource_951,,0,looping overhead,0
1905,resource_952,,0,resource creation,154
1906,resource_952,,0,looping overhead,0
1907,resource_953,,0,resource creation,118
1908,resource_953,,0,looping overhead,0
1909,resource_954,,0,resource creation,170
1910,resource_954,,0,looping overhead,0
1911,resource_955,,0,resource creation,140
1912,resource_955,,0,looping overhead,0
1913,resource_956,,0,resource creation,146
1914,resource_956,,0,looping overhead,0
1915,resource_957,,0,resource creation,127
1916,resource_957,,0,looping overhead,0
1917,resource_958,,0,resource creation,158
1918,resource_958,,0,looping overhead,0
1919,resource_959,,0,resource creation,130
1920,resource_959,,0,looping overhead,0
1921,resource_960,,0,resource creation,133
1922,resource_960,,0,looping overhead,0
1923,resource_961,,0,resource creation,171
1924,resource_961,,0,looping overhead,0
1925,resource_962,,0,resource creation,119
1926,resource_962,,0,looping overhead,0
1927,resource_963,,0,resource creation,239
1928,resource_963,,0,looping overhead,0
1929,resource_964,,0,resource creation,138
1930,resource_964,,0,looping overhead,0
1931,resource_965,,0,resource creation,159
1932,resource_965,,0,looping overhead,0
1933,resource_966,,0,resource creation,114
1934,resource_966,,0,looping overhead,0
1935,resource_967,,0,resource creation,161
1936,resource_967,,0,looping overhead,0
1937,resource_968,,0,resource creation,117
1938,resource_968,,0,looping overhead,0
1939,resource_969,,0,resource creation,151
1940,resource_969,,0,looping overhead,0
1941,resource_970,,0,resource creation,164
1942,resource_970,,0,looping overhead,0
1943,resource_971,,0,resource creation,151
1944,resource_971,,0,looping overhead,0
1945,resource_972,,0,resource creation,133
1946,resource_972,,0,looping overhead,0
1947,resource_973,,0,resource creation,161
1948,resource_973,,0,looping overhead,0
1949,resource_974,,0,resource creation,120
1950,resource_974,,0,looping overhead,0
1951,resource_975,,0,resource creation,150
1952,resource_975,,0,looping overhead,0
1953,resource_976,,0,resource creation,132
1954,resource_976,,0,looping overhead,0
1955,resource_977,,0,resource creation,132
1956,resource_977,,0,looping overhead,0
1957,resource_978,,0,resource creation,165
1958,resource_978,,0,looping overhead,0
1959,resource_979,,0,resource creation,116
1960,resource_979,,0,looping overhead,0
1961,resource_980,,0,resource creation,161
1962,resource_980,,0,looping overhead,0
1963,resource_981,,0,resource creation,129
1964,resource_981,,0,looping overhead,0
1965,resource_982,,0,resource creation,182
1966,resource_982,,0,looping overhead,0
1967,resource_983,,0,resource creation,126
1968,resource_983,,0,looping overhead,0
1969,resource_984,,0,resource creation,167
1970,resource_984,,0,looping overhead,0
1971,resource_985,,0,resource creation,123
1972,resource_985,,0,looping overhead,0
1973,resource_986,,0,resource creation,153
1974,resource_986,,0,looping overhead,0
1975,resource_987,,0,resource creation,115
1976,resource_987,,0,looping overhead,0
1977,resource_988,,0,resource creation,149
1978,resource_988,,0,looping overhead,0
1979,resource_989,,0,resource creation,124
1980,resource_989,,0,looping overhead,0
1981,resource_990,,0,resource creation,155
1982,resource_990,,0,looping overhead,0
1983,resource_991,,0,resource creation,136
1984,resource_991,,0,looping overhead,0
1985,resource_992,,0,resource creation,152
1986,resource_992,,0,looping overhead,0
1987,resource_993,,0,resource creation,125
1988,resource_993,,0,looping overhead,0
1989,resource_994,,0,resource creation,132
1990,resource_994,,0,looping overhead,0
1991,resource_995,,0,resource creation,165
1992,resource_995,,0,looping overhead,0
1993,resource_996,,0,resource creation,128
1994,resource_996,,0,looping overhead,0
1995,resource_997,,0,resource creation,179
1996,resource_997,,0,looping overhead,0
1997,resource_998,,0,resource creation,202
1998,resource_998,,0,looping overhead,0
1999,resource_999,,0,resource creation,199
2000,resource_999,,0,looping overhead,0